,date,Sal
1,1/1/2010,34.4657619
2,8/23/2014,34.47434524
3,3/11/2012,34.18664881
4,8/10/2012,34.25144643
5,9/29/2013,34.32445238
6,4/5/2017,34.29263393
7,1/6/2017,34.53149405
8,11/3/2015,34.70343452
9,11/2/2018,34.17670238
10,9/24/2021,34.19416146
11,4/5/2014,34.37585714
12,6/30/2012,34.35075595
13,12/13/2017,34.28603571
14,6/11/2019,34.3124814
15,5/6/2013,34.31125833
16,5/2/2014,34.42914286
17,3/21/2017,34.36746528
18,11/27/2020,34.14539509
19,1/30/2021,34.17363765
20,5/18/2014,34.47829762
21,3/23/2020,34.3736994
22,12/9/2018,34.17832143
23,9/21/2017,34.10734295
24,4/16/2019,34.30255357
25,8/25/2014,34.44782738
26,5/28/2012,34.27860714
27,2/23/2015,34.5753869
28,4/29/2018,34.31521429
29,7/14/2018,34.166125
30,5/10/2013,34.34396667
31,5/20/2014,34.45874405
32,2/27/2020,34.26356845
33,4/4/2012,34.19052381
34,11/26/2017,33.91871528
35,3/11/2019,34.35595313
36,1/22/2020,34.25116295
37,6/10/2018,34.1758631
38,10/5/2013,34.32235119
39,9/24/2014,34.2553869
40,5/2/2015,34.57233333
41,8/24/2014,34.46320238
42,7/14/2019,34.20366592
43,10/14/2017,34.00174679
44,1/20/2015,34.15098214
45,12/23/2020,34.15632366
46,4/18/2016,34.54583929
47,3/18/2020,34.40068452
48,11/27/2020,34.14539509
49,2/26/2016,34.58757738
50,3/8/2018,34.18748611
51,6/25/2019,34.25329018
52,8/28/2018,34.2696369
53,9/7/2016,34.54664881
54,4/24/2019,34.33096131
55,5/2/2015,34.57233333
56,10/19/2014,34.15158929
57,5/17/2012,34.27100595
58,12/3/2016,34.35033333
59,7/7/2012,34.32270833
60,8/29/2019,34.23011682
61,12/9/2014,34.30871429
62,5/30/2019,34.33279762
63,5/9/2021,34.23242039
64,1/7/2019,34.12820313
65,10/15/2013,34.36106548
66,5/12/2019,34.29550909
67,4/16/2016,34.54308333
68,7/4/2012,34.34707738
69,8/26/2018,34.27050595
70,8/17/2018,34.34335714
71,11/21/2019,34.10461607
72,7/19/2013,34.23323214
73,10/1/2019,34.2563936
74,11/8/2013,34.21467857
75,1/22/2015,34.17929167
76,10/15/2016,34.35644444
77,2/14/2012,33.8270119
78,4/21/2020,34.31867262
79,1/17/2016,34.49130952
80,2/12/2015,34.24666071
81,5/12/2016,34.77445833
82,12/8/2012,34.28739881
83,2/8/2016,34.59730952
84,9/30/2014,34.33574405
85,9/1/2019,34.21676265
86,4/29/2017,34.03908333
87,5/5/2014,34.43730357
88,3/16/2014,34.42634524
89,12/11/2017,34.28606548
90,9/18/2015,34.39277976
91,12/7/2020,34.12149702
92,7/25/2019,34.19251488
93,11/10/2014,34.00860119
94,2/14/2020,34.27624628
95,8/14/2014,34.38083333
96,9/22/2016,34.55296429
97,12/30/2012,34.40470833
98,9/19/2020,34.15259598
99,9/13/2017,34.10303869
100,2/19/2016,34.56228571
101,10/16/2016,34.34360833
102,4/6/2012,34.19192262
103,4/24/2019,34.33096131
104,5/16/2018,34.34990476
105,3/11/2012,34.18664881
106,2/22/2017,34.39569345
107,3/5/2014,34.36058333
108,1/29/2013,34.15669048
109,2/26/2019,34.38098661
110,1/21/2015,34.16127976
111,6/2/2013,34.32779167
112,11/1/2012,34.11945238
113,10/25/2012,34.17094048
114,9/9/2015,34.42670238
115,11/14/2020,34.09966295
116,3/12/2016,34.69177976
117,8/30/2013,34.284875
118,8/11/2018,34.45180952
119,2/25/2018,34.20171429
120,1/22/2020,34.25116295
121,9/16/2012,34.04964286
122,11/6/2014,33.93805952
123,1/31/2012,34.08930357
124,5/13/2017,34.24320486
125,5/1/2012,34.29752976
126,12/29/2017,34.07185714
127,2/1/2021,34.20348735
128,1/24/2015,34.1987619
129,4/23/2014,34.45658929
130,6/20/2015,34.51642262
131,11/10/2012,34.08980952
132,8/25/2018,34.2665
133,4/11/2014,34.35783333
134,12/21/2012,34.35772024
135,11/29/2015,34.34735714
136,3/14/2014,34.4347619
137,2/19/2014,34.3412381
138,11/6/2012,34.0911369
139,10/4/2015,34.21729762
140,2/5/2013,34.18495238
141,10/11/2012,34.20022024
142,10/5/2019,34.21971652
143,3/19/2019,34.36720387
144,11/10/2013,34.19147024
145,7/6/2019,34.19241071
146,12/5/2019,34.21518155
147,7/15/2021,34.24610565
148,12/3/2020,34.12197619
149,3/5/2014,34.36058333
150,9/25/2013,34.32010714
151,3/25/2014,34.31694048
152,4/28/2015,34.53885119
153,1/13/2019,34.21429092
154,8/24/2015,34.46458333
155,4/26/2015,34.51023214
156,11/27/2019,34.18346205
157,3/31/2018,34.32132143
158,7/20/2020,34.23993527
159,7/14/2017,34.19128571
160,6/17/2020,34.25961458
161,6/21/2013,34.3781369
162,1/19/2016,34.53454167
163,3/21/2016,34.683125
164,8/22/2015,34.4613631
165,1/26/2013,34.15275833
166,7/10/2016,34.49689881
167,7/25/2014,34.389
168,10/12/2018,34.15481473
169,2/19/2020,34.29113914
170,9/14/2020,34.19720833
171,11/7/2014,33.949625
172,1/6/2013,34.22679167
173,8/21/2017,34.11230556
174,1/25/2021,34.13978869
175,4/10/2019,34.30397619
176,11/26/2016,34.31282738
177,7/16/2021,34.23804241
178,3/27/2017,34.29966667
179,6/13/2012,34.29179762
180,6/29/2014,34.44201786
181,5/14/2020,34.2530186
182,8/26/2014,34.42698214
183,4/2/2018,34.33808929
184,10/17/2012,34.15458333
185,3/5/2012,34.12108929
186,1/2/2014,34.51875
187,4/20/2020,34.32603571
188,9/20/2013,34.28295833
189,9/25/2020,33.92444494
190,1/5/2015,34.31957639
191,8/9/2016,34.35244643
192,8/23/2021,34.24626116
193,3/17/2019,34.36737351
194,3/7/2018,34.19053472
195,8/2/2013,34.19616667
196,12/1/2017,34.10795139
197,6/4/2018,34.331625
198,12/26/2014,34.39275595
199,5/21/2020,34.24205506
200,6/14/2017,34.03666667
201,3/9/2013,34.4528631
202,8/28/2018,34.2696369
203,3/16/2014,34.42634524
204,2/26/2014,34.31629762
205,6/17/2019,34.26476488
206,2/4/2014,34.45655952
207,9/27/2014,34.29179762
208,12/2/2017,34.16010417
209,12/26/2019,34.1825625
210,1/9/2015,34.32195139
211,8/23/2016,34.37264286
212,2/6/2021,34.20056473
213,12/3/2014,34.29091667
214,10/1/2021,34.19489732
215,10/1/2016,34.52626786
216,3/21/2019,34.35911012
217,4/5/2017,34.29263393
218,6/8/2012,34.2986131
219,10/25/2013,34.31066071
220,9/23/2018,34.07900651
221,8/7/2015,34.41615476
222,8/20/2021,34.25201339
223,8/4/2019,34.20751711
224,5/4/2020,34.25912723
225,8/5/2015,34.39031548
226,6/27/2014,34.45085714
227,8/4/2020,34.19861086
228,9/1/2015,34.41804167
229,11/18/2018,34.18904861
230,5/24/2020,34.25197991
231,7/13/2013,34.42992857
232,11/11/2015,34.60782738
233,2/20/2016,34.56208333
234,7/30/2017,34.11488889
235,9/16/2013,34.23144643
236,6/20/2012,34.29034524
237,1/18/2019,34.23179911
238,3/19/2021,34.24407292
239,6/7/2014,34.54630952
240,6/27/2021,34.26165699
241,1/25/2013,34.16822917
242,3/15/2015,34.44217262
243,10/2/2019,34.24632068
244,5/9/2020,34.23979688
245,8/15/2021,34.2449375
246,2/17/2012,33.87239881
247,1/7/2017,34.56060714
248,11/12/2017,33.98098214
249,6/29/2012,34.34207143
250,6/10/2015,34.48429762
251,1/28/2013,34.15447024
252,1/4/2020,34.24467708
253,6/13/2017,34.03024405
254,9/2/2018,34.1808869
255,6/28/2014,34.45028571
256,9/13/2012,34.08757143
257,11/19/2019,34.09273661
258,4/15/2012,34.2009881
259,11/4/2016,34.43978571
260,2/25/2012,33.98482143
261,1/6/2016,34.61629762
262,5/29/2021,34.29855655
263,10/19/2016,34.316725
264,6/16/2016,34.62075
265,7/28/2019,34.18689955
266,9/13/2012,34.08757143
267,6/15/2020,34.26672842
268,3/15/2020,34.36978943
269,11/15/2014,34.02549405
270,6/15/2012,34.30931548
271,3/7/2017,34.3535119
272,11/28/2016,34.32079167
273,6/27/2019,34.25932045
274,10/10/2020,34.18129985
275,3/3/2012,34.09897024
276,5/19/2016,34.75933333
277,3/15/2013,34.40432738
278,5/17/2015,34.60520238
279,1/31/2013,34.15403571
280,11/23/2018,34.15447098
281,9/19/2016,34.56790278
282,2/23/2012,33.9357619
283,11/26/2015,34.4710119
284,3/5/2017,34.35270536
285,9/2/2017,34.06599702
286,10/19/2019,34.17809077
287,11/3/2015,34.70343452
288,2/12/2019,34.32486533
289,3/11/2021,34.2572247
290,3/12/2012,34.18855952
291,3/8/2015,34.3477619
292,1/17/2020,34.2641183
293,6/5/2014,34.54161905
294,6/13/2018,34.15296429
295,4/13/2018,34.27250694
296,3/30/2016,34.52817262
297,10/20/2014,34.14288095
298,9/21/2014,34.2937619
299,11/24/2012,34.13471429
300,4/26/2016,34.62247619
301,8/24/2021,34.24764063
302,7/15/2020,34.22904539
303,8/8/2021,34.2129933
304,5/7/2014,34.4338631
305,3/27/2018,34.26542262
306,10/23/2015,34.54632143
307,4/20/2019,34.32282887
308,9/25/2018,34.08597192
309,12/13/2012,34.31928571
310,7/8/2014,34.32880357
311,12/25/2014,34.38720833
312,2/15/2016,34.56917262
313,4/8/2015,34.42434524
314,4/19/2020,34.33326711
315,9/15/2019,34.21540476
316,7/16/2017,34.17797619
317,2/22/2018,34.19496429
318,7/14/2021,34.25286384
319,5/20/2013,34.33431548
320,3/16/2021,34.24946652
321,11/23/2020,34.12110938
322,3/11/2019,34.35595313
323,11/22/2019,34.1127433
324,9/28/2020,33.9451808
325,3/17/2019,34.36737351
326,8/6/2019,34.20618824
327,3/22/2015,34.50490278
328,12/8/2016,34.39234524
329,5/3/2012,34.31160714
330,11/17/2013,34.11016667
331,9/8/2014,34.42964286
332,7/6/2017,34.14289881
333,10/29/2017,34.07509259
334,6/11/2019,34.3124814
335,12/24/2012,34.300625
336,6/1/2015,34.60335714
337,5/22/2014,34.45068452
338,9/2/2018,34.1808869
339,3/22/2013,34.18355833
340,10/13/2019,34.1881689
341,12/14/2012,34.34144643
342,12/9/2014,34.30871429
343,7/13/2018,34.18028571
344,2/15/2019,34.33554985
345,10/14/2014,34.21065476
346,10/31/2016,34.39120833
347,5/15/2012,34.31447024
348,4/19/2015,34.46557143
349,10/31/2018,34.16817222
350,1/22/2013,34.11618056
351,5/2/2014,34.42914286
352,6/12/2018,34.15642857
353,7/1/2012,34.35966071
354,6/29/2014,34.44201786
355,9/11/2019,34.17940699
356,11/5/2018,34.12310357
357,11/1/2013,34.27210119
358,10/22/2020,34.13033854
359,7/24/2012,34.2494881
360,11/13/2014,34.02750595
361,6/14/2012,34.29949405
362,3/13/2017,34.39148512
363,10/23/2017,34.00739881
364,9/27/2016,34.555375
365,3/25/2014,34.31694048
366,2/27/2014,34.31049405
367,2/16/2017,34.39274679
368,9/19/2019,34.2443058
369,10/26/2018,34.12083482
370,8/18/2021,34.25513839
371,6/23/2017,34.03996726
372,9/21/2014,34.2937619
373,2/19/2017,34.41919551
374,8/19/2021,34.25643229
375,2/7/2017,34.2569881
376,10/15/2012,34.16931548
377,7/7/2020,34.24812872
378,4/13/2016,34.53744643
379,5/15/2020,34.25316815
380,8/25/2015,34.45960714
381,6/6/2015,34.5591369
382,5/20/2017,34.22480335
383,2/16/2015,34.33794048
384,1/3/2021,34.12969196
385,6/2/2012,34.31431548
386,3/26/2013,34.19189583
387,9/1/2020,34.22510565
388,4/19/2014,34.42775
389,5/31/2012,34.29860714
390,10/3/2012,34.15176786
391,5/19/2015,34.62195238
392,4/25/2021,34.21407143
393,6/27/2012,34.32433929
394,6/26/2021,34.26229315
395,5/20/2017,34.22480335
396,5/2/2014,34.42914286
397,2/3/2016,34.60864286
398,12/18/2015,34.45632738
399,3/30/2020,34.34956101
400,11/22/2019,34.1127433
401,8/9/2019,34.20675744
402,3/23/2015,34.51420833
403,5/28/2017,34.16981863
404,1/24/2015,34.1987619
405,12/8/2020,34.11865774
406,5/9/2013,34.33604167
407,5/4/2012,34.32210714
408,12/21/2018,34.18257664
409,5/29/2019,34.3280811
410,11/10/2015,34.62954762
411,7/16/2014,34.34139881
412,5/22/2015,34.60927381
413,10/25/2019,34.19506845
414,2/19/2013,34.09779167
415,9/30/2013,34.32995238
416,7/12/2013,34.42860119
417,8/10/2020,34.23872396
418,5/21/2015,34.61780952
419,10/22/2020,34.13033854
420,12/8/2019,34.17748586
421,3/3/2021,34.17540327
422,12/14/2014,34.27125
423,7/6/2019,34.19241071
424,10/7/2012,34.1962381
425,12/11/2013,34.25492857
426,9/7/2015,34.41242857
427,7/8/2016,34.51047024
428,4/24/2021,34.21423586
429,2/15/2012,33.84521429
430,7/11/2018,34.20286905
431,3/26/2018,34.24860714
432,8/19/2017,34.11835833
433,9/26/2019,34.27506176
434,8/15/2017,34.13424583
435,9/9/2013,34.31583929
436,3/30/2020,34.34956101
437,7/2/2015,34.39343452
438,5/18/2021,34.26444271
439,2/2/2016,34.61526786
440,7/17/2014,34.35896429
441,8/13/2021,34.2314308
442,8/11/2020,34.23477307
443,10/28/2018,34.14594717
444,5/19/2017,34.22979291
445,10/2/2013,34.33694643
446,1/22/2016,34.59505357
447,6/7/2019,34.3613311
448,10/1/2020,34.18594048
449,12/27/2012,34.34063095
450,5/23/2013,34.37159524
451,7/11/2015,34.38276786
452,9/7/2020,34.18854539
453,7/26/2013,34.17950595
454,1/5/2020,34.25373289
455,1/13/2021,34.18083185
456,11/9/2017,34.02489286
457,1/28/2019,34.26272842
458,8/17/2017,34.10171296
459,11/28/2019,34.1938936
460,7/2/2017,34.14525893
461,5/18/2020,34.24514807
462,10/4/2016,34.47652381
463,5/20/2014,34.45874405
464,2/5/2018,34.17764881
465,4/15/2014,34.33641667
466,10/5/2014,34.34256548
467,6/17/2013,34.35191071
468,7/16/2017,34.17797619
469,8/8/2012,34.24126786
470,3/6/2015,34.35660714
471,8/29/2015,34.43983929
472,6/3/2020,34.27681771
473,9/17/2013,34.23535714
474,1/7/2016,34.58599405
475,5/21/2020,34.24205506
476,5/9/2014,34.46857738
477,1/30/2018,34.15949405
478,2/27/2021,34.15381771
479,10/24/2013,34.33526786
480,4/10/2012,34.16758929
481,9/2/2016,34.53794643
482,9/5/2013,34.22836905
483,7/4/2017,34.1488006
484,12/13/2013,34.25357143
485,4/6/2013,34.34247917
486,4/11/2016,34.53710714
487,3/16/2018,34.053825
488,11/2/2017,34.03229167
489,10/14/2020,34.16349405
490,10/2/2020,34.1824747
491,12/28/2018,34.13313244
492,3/19/2016,34.72957143
493,7/22/2018,34.17239881
494,1/17/2013,34.13867857
495,7/16/2016,34.39876389
496,7/15/2016,34.41276786
497,11/5/2017,33.9959881
498,5/3/2012,34.31160714
499,2/1/2019,34.27816592
500,8/8/2015,34.42713095
501,9/22/2017,34.10076282
502,2/19/2021,34.10980134
503,11/13/2014,34.02750595
504,11/9/2012,34.08884524
505,4/1/2012,34.17117857
506,6/12/2014,34.50691071
507,9/12/2015,34.44756548
508,9/5/2013,34.22836905
509,7/9/2016,34.50950595
510,8/28/2014,34.4222381
511,8/31/2021,34.20742039
512,7/14/2012,34.251125
513,3/13/2015,34.43086905
514,2/18/2018,34.22332143
515,2/20/2016,34.56208333
516,4/15/2015,34.44728571
517,6/24/2015,34.5147381
518,1/18/2014,34.45201786
519,2/19/2019,34.35900372
520,3/9/2014,34.38277381
521,12/16/2018,34.18673289
522,4/26/2018,34.2971369
523,2/16/2018,34.231625
524,6/10/2021,34.24190774
525,6/4/2015,34.57604167
526,2/2/2021,34.20916667
527,11/1/2012,34.11945238
528,5/2/2019,34.32891364
529,10/17/2013,34.37713095
530,5/4/2016,34.67169048
531,9/24/2021,34.19416146
532,6/27/2020,34.2546369
533,8/5/2019,34.20697396
534,10/17/2021,34.20159747
535,6/19/2021,34.2387247
536,7/12/2015,34.37880952
537,11/30/2019,34.20458929
538,2/11/2021,34.1727686
539,6/30/2012,34.35075595
540,7/14/2017,34.19128571
541,12/4/2020,34.11557887
542,2/4/2015,34.02480952
543,8/26/2014,34.42698214
544,3/24/2017,34.33533681
545,9/9/2018,34.14035714
546,4/12/2018,34.28136111
547,6/25/2013,34.38071528
548,3/4/2014,34.34879762
549,4/15/2019,34.29783185
550,8/25/2018,34.2665
551,4/6/2014,34.37115476
552,9/20/2021,34.23140551
553,7/26/2014,34.39635119
554,4/27/2012,34.31668452
555,9/5/2013,34.22836905
556,2/7/2019,34.29969643
557,9/18/2018,34.16969048
558,7/12/2020,34.23608557
559,4/10/2021,34.22572842
560,6/13/2015,34.45144048
561,7/19/2014,34.37154167
562,10/18/2017,34.00768333
563,5/25/2021,34.26445685
564,9/13/2013,34.27122024
565,2/8/2021,34.1904308
566,6/25/2018,34.21458929
567,4/21/2012,34.25444643
568,2/27/2021,34.15381771
569,4/19/2012,34.21826786
570,2/16/2019,34.34221057
571,10/12/2014,34.2410119
572,11/24/2019,34.1422381
573,3/20/2012,34.13410714
574,12/7/2016,34.41307143
575,6/5/2018,34.30630952
576,8/5/2016,34.42684524
577,9/9/2021,34.19327455
578,8/21/2017,34.11230556
579,3/1/2017,34.36952083
580,4/18/2018,34.26172024
581,3/27/2018,34.26542262
582,10/9/2019,34.19151711
583,3/20/2012,34.13410714
584,2/18/2021,34.09413393
585,9/2/2014,34.39855357
586,12/13/2012,34.31928571
587,4/30/2012,34.29727381
588,4/28/2017,34.05071212
589,5/30/2017,34.1047
590,11/13/2016,34.2931131
591,12/8/2015,34.31302381
592,6/17/2016,34.629375
593,12/28/2019,34.18118304
594,8/5/2016,34.42684524
595,10/5/2020,34.1732433
596,4/26/2019,34.33322396
597,6/2/2020,34.27835863
598,3/12/2019,34.35634896
599,7/2/2017,34.14525893
600,6/26/2020,34.25716443
601,4/26/2013,34.39322024
602,2/6/2019,34.28964955
603,4/19/2016,34.55072024
604,1/24/2016,34.624875
605,3/16/2015,34.44613889
606,12/21/2017,34.21784524
607,5/27/2015,34.63227381
608,6/24/2017,34.03856845
609,7/5/2021,34.24291815
610,11/17/2014,34.02625595
611,11/19/2018,34.17873313
612,1/1/2014,34.52946429
613,1/28/2016,34.63908929
614,4/8/2014,34.37277381
615,1/30/2021,34.17363765
616,8/3/2015,34.36053571
617,11/5/2018,34.12310357
618,11/16/2013,34.10767361
619,1/15/2016,34.44569048
620,5/3/2021,34.15373363
621,12/28/2014,34.364875
622,8/26/2013,34.29547024
623,9/8/2013,34.29614286
624,6/12/2016,34.61844048
625,6/27/2019,34.25932045
626,4/28/2021,34.18347991
627,4/9/2014,34.37392262
628,11/8/2020,34.11208036
629,1/14/2015,34.19411905
630,10/19/2018,34.11034375
631,7/4/2015,34.35689286
632,9/19/2020,34.15259598
633,2/3/2020,34.25297321
634,7/16/2016,34.39876389
635,8/9/2016,34.35244643
636,5/20/2016,34.74638095
637,12/29/2014,34.34507143
638,1/9/2019,34.16929762
639,7/14/2018,34.166125
640,1/3/2019,34.09839286
641,1/4/2013,34.29648214
642,9/2/2014,34.39855357
643,3/18/2021,34.24272247
644,11/30/2019,34.20458929
645,9/17/2013,34.23535714
646,6/25/2014,34.45525
647,10/7/2014,34.32107738
648,12/1/2020,34.13330134
649,10/10/2020,34.18129985
650,9/27/2020,33.94292485
651,10/16/2020,34.15693378
652,8/26/2021,34.2408497
653,9/17/2015,34.40810119
654,1/21/2021,34.16724628
655,7/11/2015,34.38276786
656,5/11/2021,34.25848735
657,10/12/2016,34.38195238
658,7/23/2016,34.52804762
659,7/14/2014,34.30414881
660,10/26/2015,34.59303571
661,10/27/2018,34.13509301
662,10/18/2012,34.14967857
663,4/18/2015,34.46314286
664,12/4/2016,34.37544048
665,6/1/2013,34.33352976
666,6/7/2021,34.24975223
667,7/2/2017,34.14525893
668,6/24/2014,34.45516667
669,3/14/2017,34.39632143
670,3/4/2018,31.82269444
671,11/6/2015,34.6987381
672,4/5/2021,34.25125372
673,9/8/2018,34.13876786
674,12/18/2016,34.17802976
675,2/7/2018,34.17400595
676,7/3/2020,34.23964658
677,9/13/2016,34.6184881
678,1/12/2019,34.20517857
679,1/30/2018,34.15949405
680,9/10/2019,34.17474702
681,7/4/2018,34.20268452
682,5/14/2016,34.786625
683,5/27/2012,34.27492262
684,1/30/2019,34.2675997
685,12/29/2018,34.12783705
686,6/17/2014,34.45340476
687,8/20/2018,34.27523214
688,5/5/2020,34.25590699
689,12/10/2020,34.09909152
690,12/6/2012,34.26334524
691,11/16/2013,34.10767361
692,1/30/2015,34.06829167
693,9/10/2017,34.09661012
694,4/12/2015,34.40829762
695,12/27/2018,34.14023512
696,8/9/2020,34.23826935
697,4/19/2018,34.26419048
698,8/11/2016,34.34248214
699,10/19/2014,34.15158929
700,1/26/2012,34.10248214
701,7/30/2021,34.22919122
702,4/3/2014,34.39788095
703,2/12/2020,34.26247545
704,6/19/2016,34.63920833
705,11/5/2017,33.9959881
706,6/5/2016,34.64920833
707,2/14/2015,34.30092857
708,6/1/2018,34.38028571
709,7/29/2019,34.19077232
710,10/8/2018,34.13507716
711,3/26/2021,34.27045387
712,10/26/2016,34.30149405
713,3/22/2018,34.16743452
714,6/21/2015,34.51580357
715,9/14/2020,34.19720833
716,6/6/2017,34.02460417
717,10/17/2014,34.17584524
718,3/30/2018,34.31274405
719,3/30/2017,34.28654167
720,2/23/2015,34.5753869
721,6/28/2019,34.25764545
722,8/3/2020,34.19440179
723,1/22/2014,34.43727976
724,3/26/2019,34.32938393
725,11/27/2018,34.10229464
726,1/20/2019,34.24291439
727,8/12/2016,34.3335119
728,10/4/2018,34.14974691
729,2/20/2017,34.41249702
730,4/16/2014,34.35538889
731,6/25/2014,34.45525
732,12/6/2020,34.1192128
733,1/11/2017,34.60120833
734,11/20/2012,34.084875
735,8/14/2018,34.4210119
736,1/27/2017,34.38854167
737,3/5/2021,34.20136979
738,8/6/2016,34.40101786
739,9/28/2017,34.06316288
740,3/20/2013,34.17658333
741,7/30/2012,34.29767262
742,10/19/2015,34.41563095
743,7/9/2015,34.3777619
744,5/13/2016,34.78141071
745,7/16/2018,34.15070833
746,4/7/2016,34.53583333
747,6/22/2020,34.2590439
748,9/12/2015,34.44756548
749,1/30/2018,34.15949405
750,5/2/2017,34.05443229
751,2/3/2013,34.17385714
752,7/23/2017,34.15455952
753,8/22/2016,34.36206548
754,10/16/2016,34.34360833
755,7/6/2013,34.36816667
756,9/30/2020,34.1912314
757,6/20/2018,34.19383333
758,6/4/2021,34.26970982
759,4/26/2017,34.08122436
760,11/12/2018,34.15759014
761,12/30/2012,34.40470833
762,5/27/2014,34.48016667
763,4/29/2018,34.31521429
764,5/16/2019,34.31073735
765,7/17/2020,34.23476935
766,3/17/2018,34.06090972
767,3/7/2020,34.28108557
768,5/8/2019,34.30180985
769,8/29/2014,34.42047024
770,3/22/2012,34.11816667
771,8/9/2016,34.35244643
772,3/7/2016,34.52017262
773,7/11/2015,34.38276786
774,7/6/2016,34.50816071
775,6/20/2016,34.64025595
776,7/13/2012,34.26780357
777,5/6/2020,34.25082366
778,8/3/2021,34.23190923
779,4/6/2020,34.36448586
780,7/19/2015,34.3523869
781,11/26/2016,34.31282738
782,3/7/2018,34.19053472
783,4/14/2016,34.54026786
784,12/28/2014,34.364875
785,6/13/2018,34.15296429
786,4/2/2019,34.32157887
787,9/1/2020,34.22510565
788,9/6/2014,34.43891667
789,6/30/2020,34.24174033
790,7/11/2017,34.17345536
791,8/1/2021,34.23171801
792,10/9/2016,34.41409524
793,1/31/2021,34.18869048
794,8/2/2012,34.29454762
795,4/2/2020,34.35411682
796,3/13/2018,34.12715833
797,4/26/2012,34.32191071
798,8/18/2016,34.35597619
799,11/20/2020,34.13416667
800,1/22/2015,34.17929167
801,12/24/2020,34.15734747
802,12/25/2014,34.38720833
803,2/22/2016,34.56466667
804,1/8/2014,34.36469643
805,6/28/2012,34.33326786
806,3/19/2013,34.23393056
807,4/12/2013,34.41479762
808,11/16/2019,34.0597433
809,8/11/2016,34.34248214
810,4/6/2017,34.28660417
811,5/31/2016,34.61429762
812,6/4/2014,34.53671429
813,8/1/2012,34.3010119
814,10/23/2017,34.00739881
815,5/6/2018,34.269625
816,1/14/2021,34.1818311
817,3/22/2018,34.16743452
818,12/29/2015,34.67919048
819,2/24/2020,34.27792411
820,7/24/2015,34.37594048
821,4/17/2018,34.26431548
822,6/11/2017,34.01220536
823,3/9/2012,34.16801786
824,1/20/2016,34.55997024
825,1/12/2012,34.01163095
826,5/28/2021,34.2912686
827,8/23/2018,34.26082143
828,10/15/2013,34.36106548
829,2/19/2020,34.29113914
830,11/23/2020,34.12110938
831,11/4/2020,34.07385938
832,12/6/2012,34.26334524
833,8/16/2014,34.40709524
834,9/23/2020,33.90464658
835,11/28/2012,34.16052381
836,7/9/2014,34.3067619
837,4/2/2016,34.54986905
838,3/15/2017,34.4006875
839,6/22/2014,34.45819048
840,10/27/2016,34.30772619
841,10/10/2012,34.20405357
842,3/15/2020,34.36978943
843,9/30/2013,34.32995238
844,12/16/2014,34.24585714
845,10/19/2012,34.14708929
846,6/1/2014,34.5151369
847,2/8/2019,34.30975595
848,6/28/2015,34.48358333
849,4/23/2021,34.21291146
850,2/27/2015,34.5882619
851,9/12/2018,34.13080952
852,1/26/2021,34.1385372
853,1/26/2018,34.2111131
854,10/12/2021,34.20847024
855,6/25/2018,34.21458929
856,3/5/2018,31.82448611
857,1/16/2017,34.48096429
858,3/8/2014,34.37058929
859,10/5/2016,34.44797024
860,10/30/2015,34.64614881
861,12/5/2016,34.39832738
862,8/2/2017,34.13309375
863,9/28/2012,34.13584524
864,1/10/2013,34.14965476
865,2/3/2013,34.17385714
866,3/11/2017,34.3821131
867,4/17/2019,34.3078631
868,10/12/2012,34.19394048
869,11/20/2015,34.49625
870,9/2/2020,34.21631622
871,12/1/2020,34.13330134
872,9/15/2015,34.43654762
873,10/5/2015,34.19882143
874,6/5/2015,34.57069048
875,5/22/2021,34.25960714
876,8/26/2018,34.27050595
877,8/16/2016,34.35885714
878,12/8/2018,34.18101339
879,6/5/2016,34.64920833
880,3/10/2013,34.46085714
881,12/10/2012,34.29859524
882,9/12/2013,34.28272619
883,12/14/2018,34.18206324
884,9/19/2016,34.56790278
885,4/3/2018,34.34330952
886,12/3/2018,34.15809152
887,12/17/2013,34.15230357
888,2/11/2012,33.8929881
889,6/29/2021,34.25810268
890,10/19/2019,34.17809077
891,6/28/2017,34.08177976
892,5/8/2015,34.56725
893,3/17/2021,34.2458683
894,1/30/2019,34.2675997
895,12/14/2012,34.34144643
896,4/11/2017,34.21724405
897,3/23/2016,34.62104167
898,8/17/2019,34.20954464
899,2/6/2015,34.05655952
900,6/27/2016,34.45583333
901,5/13/2018,34.29074405
902,12/2/2015,34.33895833
903,6/4/2021,34.26970982
904,12/10/2019,34.14633929
905,12/9/2019,34.15981324
906,7/7/2017,34.14278274
907,9/6/2013,34.24853571
908,11/28/2017,33.97422222
909,11/30/2017,34.05838889
910,12/2/2016,34.3347381
911,9/15/2015,34.43654762
912,2/20/2014,34.35177381
913,11/29/2017,34.01089583
914,5/8/2014,34.45511905
915,10/29/2019,34.18851786
916,3/30/2015,34.59174306
917,1/21/2019,34.24958939
918,1/31/2013,34.15403571
919,6/18/2014,34.4517619
920,2/7/2020,34.25728051
921,11/22/2012,34.11160714
922,7/28/2015,34.34127976
923,5/20/2018,34.40397024
924,7/10/2014,34.29293452
925,8/24/2013,34.282125
926,11/25/2015,34.51595833
927,12/11/2013,34.25492857
928,4/13/2019,34.29566592
929,9/18/2020,34.15959375
930,10/19/2016,34.316725
931,4/19/2018,34.26419048
932,7/17/2014,34.35896429
933,3/3/2020,34.24736086
934,6/28/2016,34.44485714
935,4/2/2014,34.41008929
936,12/26/2014,34.39275595
937,2/5/2017,34.26820833
938,4/14/2013,34.43939881
939,10/25/2016,34.30689286
940,8/22/2017,34.105875
941,12/8/2019,34.17748586
942,5/5/2015,34.56739286
943,7/11/2020,34.23737054
944,2/8/2019,34.30975595
945,12/22/2015,34.48720833
946,9/1/2017,34.06740179
947,12/27/2015,34.63805952
948,4/15/2018,34.27113194
949,11/1/2013,34.27210119
950,3/9/2014,34.38277381
951,10/13/2012,34.1856369
952,3/10/2021,34.25309598
953,4/27/2014,34.43707738
954,9/7/2014,34.438
955,6/29/2015,34.4625
956,9/8/2013,34.29614286
957,2/23/2012,33.9357619
958,1/7/2018,34.06735119
959,1/14/2012,34.00165476
960,6/10/2012,34.28182738
961,8/27/2015,34.45125595
962,9/24/2019,34.25674182
963,5/12/2013,34.35345
964,8/18/2019,34.20648958
965,5/1/2016,34.64225
966,7/29/2021,34.22748214
967,3/19/2016,34.72957143
968,9/6/2014,34.43891667
969,9/13/2015,34.44901786
970,3/21/2016,34.683125
971,2/11/2016,34.57884524
972,1/16/2012,34.00666667
973,12/21/2016,34.27192857
974,7/12/2020,34.23608557
975,10/29/2014,34.14770238
976,1/30/2013,34.1585119
977,10/26/2019,34.19491443
978,3/11/2014,34.39860119
979,11/29/2015,34.34735714
980,8/1/2018,34.28570238
981,11/14/2015,34.52964286
982,3/26/2015,34.54190278
983,1/4/2020,34.24467708
984,1/29/2021,34.1573006
985,10/5/2019,34.21971652
986,5/25/2015,34.61857738
987,11/19/2015,34.4787381
988,3/24/2012,34.11365476
989,4/21/2018,34.27159524
990,2/8/2016,34.59730952
991,2/3/2015,34.01984524
992,9/18/2019,34.23970908
993,1/21/2016,34.57833333
994,11/27/2017,33.94525
995,1/14/2021,34.1818311
996,1/29/2012,34.1305119
997,7/27/2015,34.35283333
998,9/5/2017,34.0751994
999,5/12/2015,34.5656369
1000,5/11/2012,34.38542857
1001,7/3/2019,34.21602679
1002,7/2/2020,34.23911458
1003,4/9/2020,34.35884896
1004,9/8/2013,34.29614286
1005,7/7/2015,34.36622024
1006,1/29/2017,34.38272222
1007,6/10/2020,34.28723438
1008,11/24/2017,33.90802976
1009,4/29/2013,34.38207143
1010,6/21/2018,34.20122619
1011,6/24/2021,34.25971131
1012,3/12/2013,34.4772619
1013,2/22/2019,34.3645186
1014,3/14/2012,34.18567262
1015,9/30/2018,34.14873735
1016,11/7/2016,34.40550595
1017,1/2/2020,34.21483631
1018,10/24/2017,34.02205952
1019,1/5/2014,34.45885119
1020,5/26/2013,34.3761369
1021,6/19/2018,34.18752976
1022,2/26/2019,34.38098661
1023,5/27/2013,34.37199405
1024,2/10/2012,33.92530952
1025,8/20/2016,34.35872024
1026,3/24/2019,34.3359628
1027,6/7/2013,34.37109524
1028,12/6/2016,34.41882143
1029,6/6/2014,34.54638095
1030,11/12/2018,34.15759014
1031,1/17/2013,34.13867857
1032,6/13/2021,34.23607738
1033,11/23/2018,34.15447098
1034,10/3/2017,34.01594792
1035,8/18/2021,34.25513839
1036,7/19/2013,34.23323214
1037,2/14/2018,34.21382738
1038,3/17/2016,34.75029167
1039,4/2/2018,34.33808929
1040,12/9/2013,34.219625
1041,6/25/2013,34.38071528
1042,7/20/2013,34.20764286
1043,2/23/2016,34.5700119
1044,6/29/2014,34.44201786
1045,10/5/2013,34.32235119
1046,12/15/2019,34.16561086
1047,8/20/2021,34.25201339
1048,4/20/2013,34.45034028
1049,6/10/2012,34.28182738
1050,3/26/2013,34.19189583
1051,9/16/2015,34.42564881
1052,10/11/2018,34.14712277
1053,8/25/2017,34.07883036
1054,12/5/2020,34.11546131
1055,8/11/2014,34.36065476
1056,9/7/2013,34.27272619
1057,3/17/2021,34.2458683
1058,7/1/2014,34.4287619
1059,2/4/2012,34.00597619
1060,11/9/2017,34.02489286
1061,7/9/2014,34.3067619
1062,6/8/2014,34.54444643
1063,9/29/2021,34.19103423
1064,1/30/2016,34.62714881
1065,5/23/2020,34.24850149
1066,7/19/2016,34.44548611
1067,8/18/2017,34.11809259
1068,12/10/2015,34.27995238
1069,10/25/2016,34.30689286
1070,9/10/2017,34.09661012
1071,12/27/2019,34.18188988
1072,6/11/2017,34.01220536
1073,9/28/2015,34.31574405
1074,12/28/2017,34.07735119
1075,11/25/2019,34.15902009
1076,6/8/2020,34.28388467
1077,1/21/2019,34.24958939
1078,1/22/2015,34.17929167
1079,10/6/2014,34.33445833
1080,11/24/2018,34.15039658
1081,12/17/2018,34.19023289
1082,10/21/2019,34.17821354
1083,8/25/2016,34.40195833
1084,8/30/2020,34.23012946
1085,9/5/2021,34.20513988
1086,9/3/2013,34.21510119
1087,2/4/2012,34.00597619
1088,2/9/2021,34.18745089
1089,1/31/2012,34.08930357
1090,4/5/2019,34.308
1091,11/8/2018,34.11719969
1092,1/22/2020,34.25116295
1093,3/10/2019,34.35595387
1094,12/4/2019,34.21948438
1095,1/13/2018,33.98495833
1096,6/3/2013,34.3240119
1097,11/12/2014,34.02281548
1098,3/24/2017,34.33533681
1099,9/24/2018,34.08168483
1100,7/30/2014,34.36327976
1101,8/5/2014,34.31868452
1102,12/10/2020,34.09909152
1103,8/17/2019,34.20954464
1104,2/20/2021,34.12703795
1105,1/23/2020,34.25526116
1106,6/27/2018,34.20971429
1107,11/6/2019,34.13756845
1108,11/2/2020,34.06611384
1109,1/23/2017,34.45425
1110,1/24/2020,34.25920685
1111,5/15/2012,34.31447024
1112,5/20/2017,34.22480335
1113,5/14/2016,34.786625
1114,6/25/2021,34.26226414
1115,9/7/2015,34.41242857
1116,8/10/2016,34.34433929
1117,8/24/2013,34.282125
1118,4/27/2021,34.19665104
1119,1/8/2020,34.27508557
1120,1/12/2018,33.98128571
1121,2/2/2012,34.0360119
1122,6/25/2017,34.04077083
1123,9/3/2014,34.4051131
1124,12/23/2020,34.15632366
1125,7/23/2012,34.24135714
1126,2/4/2014,34.45655952
1127,10/18/2012,34.14967857
1128,10/20/2015,34.44915476
1129,11/20/2013,34.11469643
1130,4/17/2016,34.54441667
1131,1/26/2014,34.53466071
1132,12/16/2015,34.42914881
1133,9/14/2015,34.44619643
1134,8/22/2016,34.36206548
1135,9/6/2019,34.18534524
1136,6/27/2020,34.2546369
1137,7/12/2017,34.1809256
1138,10/6/2020,34.17556027
1139,8/17/2019,34.20954464
1140,8/23/2018,34.26082143
1141,5/2/2020,34.26724777
1142,3/10/2013,34.46085714
1143,1/25/2021,34.13978869
1144,9/14/2016,34.60852381
1145,12/13/2014,34.28963095
1146,10/25/2018,34.10873884
1147,7/27/2013,34.1827381
1148,9/25/2015,34.31098611
1149,10/16/2016,34.34360833
1150,1/24/2016,34.624875
1151,10/14/2014,34.21065476
1152,7/19/2020,34.23824479
1153,12/27/2015,34.63805952
1154,7/18/2014,34.368875
1155,4/23/2014,34.45658929
1156,2/10/2015,34.18232738
1157,8/27/2015,34.45125595
1158,9/21/2018,34.08785417
1159,8/2/2020,34.19595982
1160,1/29/2012,34.1305119
1161,7/26/2015,34.3570119
1162,7/3/2016,34.49296429
1163,1/19/2020,34.25511756
1164,10/9/2019,34.19151711
1165,11/22/2015,34.52735119
1166,8/24/2019,34.20931622
1167,1/10/2016,34.47477976
1168,2/9/2015,34.15102976
1169,12/27/2019,34.18188988
1170,5/31/2014,34.50343452
1171,6/3/2015,34.58067857
1172,7/25/2018,34.20260119
1173,9/15/2014,34.39884524
1174,1/29/2018,34.17492857
1175,10/28/2014,34.15347619
1176,11/13/2016,34.2931131
1177,11/3/2015,34.70343452
1178,10/25/2012,34.17094048
1179,6/27/2020,34.2546369
1180,3/26/2020,34.35039063
1181,5/26/2012,34.27388095
1182,11/29/2016,34.32410119
1183,6/5/2019,34.36917708
1184,8/14/2019,34.21063095
1185,12/16/2019,34.1710067
1186,2/14/2015,34.30092857
1187,4/8/2017,34.26736905
1188,8/15/2012,34.2993869
1189,5/25/2012,34.27308929
1190,3/15/2020,34.36978943
1191,10/13/2014,34.22315476
1192,3/13/2017,34.39148512
1193,12/24/2012,34.300625
1194,4/16/2021,34.21163616
1195,2/5/2020,34.25528199
1196,8/6/2021,34.2139881
1197,11/4/2020,34.07385938
1198,11/17/2012,34.07480952
1199,9/21/2018,34.08785417
1200,7/29/2021,34.22748214
1201,1/2/2021,34.13379539
1202,8/8/2012,34.24126786
1203,5/20/2021,34.26077232
1204,2/23/2019,34.3666622
1205,8/27/2016,34.447375
1206,6/4/2021,34.26970982
1207,5/18/2018,34.38317262
1208,12/18/2020,34.07850595
1209,7/8/2013,34.363125
1210,6/18/2017,34.06072321
1211,12/29/2012,34.38626786
1212,8/2/2015,34.34869048
1213,3/12/2019,34.35634896
1214,4/9/2019,34.30560491
1215,6/11/2014,34.52071429
1216,2/6/2016,34.59542857
1217,9/27/2014,34.29179762
1218,4/18/2019,34.31313244
1219,2/28/2014,34.31475595
1220,5/13/2014,34.51741667
1221,2/25/2013,34.15673214
1222,12/26/2015,34.596
1223,3/1/2021,34.15594866
1224,2/15/2018,34.22547619
1225,9/7/2016,34.54664881
1226,8/19/2013,34.19804762
1227,9/20/2018,34.12092045
1228,3/25/2012,34.11713095
1229,1/8/2018,34.04571429
1230,11/11/2020,34.11421726
1231,3/28/2016,34.51849405
1232,9/14/2021,34.23449777
1233,6/20/2020,34.25868229
1234,5/22/2015,34.60927381
1235,1/19/2015,34.13859524
1236,7/3/2013,34.39993333
1237,12/29/2018,34.12783705
1238,10/13/2012,34.1856369
1239,7/8/2019,34.17930878
1240,8/20/2021,34.25201339
1241,2/24/2020,34.27792411
1242,5/14/2019,34.30038561
1243,8/20/2020,34.20057143
1244,8/18/2015,34.42742262
1245,5/15/2017,34.25464236
1246,5/27/2014,34.48016667
1247,12/8/2020,34.11865774
1248,7/31/2019,34.19266964
1249,2/8/2014,34.3372619
1250,7/7/2019,34.18636086
1251,5/17/2020,34.24724405
1252,9/13/2012,34.08757143
1253,6/24/2012,34.28644048
1254,6/13/2018,34.15296429
1255,10/12/2015,34.22964286
1256,9/30/2020,34.1912314
1257,8/8/2013,34.14015972
1258,11/21/2013,34.11795238
1259,11/13/2016,34.2931131
1260,9/2/2016,34.53794643
1261,8/26/2016,34.4192381
1262,9/17/2018,34.16451786
1263,10/26/2016,34.30149405
1264,9/30/2018,34.14873735
1265,12/9/2018,34.17832143
1266,9/10/2013,34.32589881
1267,2/20/2019,34.36199182
1268,11/15/2018,34.19657619
1269,4/9/2018,34.31804861
1270,4/18/2014,34.40323611
1271,1/2/2014,34.51875
1272,2/21/2019,34.36277232
1273,11/22/2012,34.11160714
1274,10/16/2014,34.19192262
1275,11/6/2013,34.24010714
1276,10/30/2020,34.07353381
1277,9/19/2014,34.31617857
1278,4/9/2018,34.31804861
1279,10/6/2019,34.21203869
1280,3/2/2021,34.16381696
1281,2/21/2015,34.5033869
1282,8/25/2012,34.26208333
1283,7/9/2012,34.31411905
1284,6/6/2014,34.54638095
1285,8/4/2012,34.27177976
1286,6/15/2016,34.6093631
1287,3/5/2016,34.52027381
1288,2/11/2016,34.57884524
1289,2/27/2015,34.5882619
1290,4/27/2013,34.38833333
1291,1/30/2019,34.2675997
1292,3/16/2014,34.42634524
1293,11/15/2012,34.08452381
1294,9/21/2019,34.24317857
1295,12/31/2020,34.1592686
1296,3/7/2020,34.28108557
1297,5/11/2012,34.38542857
1298,9/20/2015,34.35738194
1299,1/10/2015,34.30707738
1300,10/30/2017,34.0664537
1301,4/23/2017,34.07759226
1302,12/19/2012,34.39314286
1303,2/2/2020,34.25298884
1304,7/18/2019,34.2322872
1305,11/30/2018,34.10699256
1306,10/30/2015,34.64614881
1307,9/8/2014,34.42964286
1308,5/31/2021,34.30470833
1309,3/25/2020,34.35609524
1310,11/8/2018,34.11719969
1311,2/28/2012,34.05495833
1312,5/18/2017,34.23355449
1313,11/22/2015,34.52735119
1314,11/30/2017,34.05838889
1315,11/22/2014,34.10471429
1316,7/12/2013,34.42860119
1317,2/13/2013,34.13389286
1318,4/8/2012,34.17532143
1319,3/26/2015,34.54190278
1320,5/17/2015,34.60520238
1321,9/5/2016,34.52410714
1322,6/2/2015,34.58972619
1323,3/24/2019,34.3359628
1324,12/6/2015,34.34655357
1325,12/10/2014,34.30399405
1326,10/1/2018,34.15520089
1327,9/23/2019,34.24946875
1328,7/29/2015,34.32991667
1329,6/25/2017,34.04077083
1330,10/9/2014,34.29635714
1331,4/30/2019,34.33600074
1332,1/13/2021,34.18083185
1333,6/19/2021,34.2387247
1334,12/9/2013,34.219625
1335,12/7/2020,34.12149702
1336,9/24/2018,34.08168483
1337,4/7/2017,34.27501786
1338,4/1/2019,34.32838095
1339,7/18/2019,34.2322872
1340,8/31/2017,34.06152976
1341,3/27/2018,34.26542262
1342,2/13/2018,34.19832143
1343,8/9/2015,34.4334881
1344,7/8/2018,34.22122024
1345,10/25/2018,34.10873884
1346,5/15/2017,34.25464236
1347,7/8/2016,34.51047024
1348,11/26/2015,34.4710119
1349,5/16/2019,34.31073735
1350,1/25/2014,34.51901786
1351,12/13/2014,34.28963095
1352,7/2/2014,34.4230119
1353,8/3/2021,34.23190923
1354,7/6/2018,34.21304167
1355,4/20/2021,34.193
1356,6/8/2017,34.01402976
1357,4/17/2014,34.38127778
1358,2/18/2019,34.35499479
1359,7/31/2021,34.22985342
1360,9/3/2019,34.2131808
1361,7/6/2014,34.36599405
1362,7/5/2015,34.35353571
1363,12/5/2015,34.36000595
1364,3/10/2021,34.25309598
1365,8/15/2013,34.1999881
1366,5/5/2014,34.43730357
1367,11/24/2019,34.1422381
1368,4/19/2018,34.26419048
1369,1/14/2013,34.14028571
1370,8/20/2021,34.25201339
1371,8/25/2015,34.45960714
1372,12/4/2013,34.17679762
1373,3/24/2017,34.33533681
1374,12/3/2016,34.35033333
1375,7/11/2016,34.48030952
1376,12/10/2016,34.34266667
1377,1/3/2016,34.70511905
1378,1/5/2021,34.13790253
1379,1/12/2018,33.98128571
1380,7/11/2021,34.25468899
1381,6/4/2012,34.31890476
1382,3/26/2013,34.19189583
1383,12/27/2019,34.18188988
1384,11/20/2014,34.06075595
1385,10/25/2016,34.30689286
1386,6/11/2014,34.52071429
1387,9/19/2016,34.56790278
1388,4/12/2018,34.28136111
1389,11/27/2013,34.1542381
1390,7/18/2020,34.23711086
1391,9/16/2018,34.14816667
1392,2/17/2014,34.3293631
1393,6/5/2021,34.25914807
1394,12/13/2017,34.28603571
1395,12/26/2013,34.41733333
1396,11/25/2016,34.30576786
1397,2/13/2015,34.27703571
1398,6/19/2015,34.51327381
1399,12/7/2014,34.31172619
1400,11/14/2015,34.52964286
1401,7/26/2015,34.3570119
1402,6/14/2015,34.45755357
1403,4/29/2019,34.33816964
1404,8/5/2013,34.16994444
1405,6/25/2021,34.26226414
1406,8/31/2021,34.20742039
1407,12/12/2019,34.13804539
1408,2/1/2015,34.02777976
1409,3/22/2016,34.6504881
1410,7/25/2012,34.2594881
1411,10/12/2014,34.2410119
1412,7/30/2016,34.4917381
1413,12/3/2020,34.12197619
1414,9/5/2020,34.21518899
1415,1/18/2021,34.1677753
1416,12/28/2016,34.57799405
1417,9/2/2021,34.20149851
1418,12/23/2016,34.39913095
1419,12/15/2012,34.36157738
1420,6/19/2018,34.18752976
1421,11/11/2016,34.32841667
1422,11/15/2016,34.27538095
1423,9/10/2020,34.18986384
1424,10/25/2014,34.13111905
1425,12/22/2012,34.33690476
1426,5/1/2021,34.15354464
1427,3/1/2021,34.15594866
1428,8/13/2020,34.23498586
1429,12/23/2015,34.501
1430,9/13/2014,34.39513095
1431,3/13/2012,34.1871131
1432,2/9/2021,34.18745089
1433,7/18/2015,34.35166071
1434,1/22/2014,34.43727976
1435,6/29/2012,34.34207143
1436,6/2/2016,34.62111905
1437,12/30/2013,34.546875
1438,12/14/2020,34.04411235
1439,10/28/2019,34.19069866
1440,5/1/2015,34.56971429
1441,3/13/2014,34.42404762
1442,9/1/2013,34.25843452
1443,1/7/2012,33.96234524
1444,3/19/2014,34.35430357
1445,10/30/2016,34.37263095
1446,8/11/2013,34.17554762
1447,4/10/2017,34.23217857
1448,11/26/2017,33.91871528
1449,5/18/2014,34.47829762
1450,2/26/2019,34.38098661
1451,6/17/2013,34.35191071
1452,7/16/2017,34.17797619
1453,2/10/2014,34.30374405
1454,6/30/2018,34.19677381
1455,4/27/2014,34.43707738
1456,9/5/2012,34.11929167
1457,5/20/2020,34.24309077
1458,8/20/2014,34.47184524
1459,5/1/2015,34.56971429
1460,10/12/2013,34.33679167
1461,9/15/2013,34.24429762
1462,6/25/2013,34.38071528
1463,4/30/2019,34.33600074
1464,4/4/2021,34.25981399
1465,7/25/2019,34.19251488
1466,9/13/2012,34.08757143
1467,5/26/2021,34.27290476
1468,12/31/2016,34.52855952
1469,4/15/2017,34.16328274
1470,1/3/2020,34.2312567
1471,10/1/2014,34.35130357
1472,12/18/2018,34.19118452
1473,2/20/2021,34.12703795
1474,12/27/2018,34.14023512
1475,6/11/2016,34.62807738
1476,7/10/2017,34.16607738
1477,9/17/2012,34.04379762
1478,12/6/2014,34.30268452
1479,9/12/2017,34.09872619
1480,8/17/2014,34.42782143
1481,4/16/2018,34.26911905
1482,9/17/2014,34.37202976
1483,2/21/2018,34.20409524
1484,8/19/2013,34.19804762
1485,7/17/2018,34.15110119
1486,5/15/2012,34.31447024
1487,7/14/2012,34.251125
1488,4/9/2017,34.25288988
1489,2/18/2015,34.39967262
1490,6/6/2020,34.27964658
1491,12/21/2014,34.29482738
1492,8/28/2019,34.23102827
1493,2/21/2019,34.36277232
1494,8/14/2016,34.3505119
1495,3/20/2015,34.47427778
1496,3/1/2015,34.53522619
1497,3/13/2020,34.34799628
1498,7/3/2019,34.21602679
1499,3/20/2017,34.38170513
1500,10/19/2015,34.41563095
1501,3/26/2015,34.54190278
1502,1/10/2012,34.01521429
1503,4/12/2012,34.17615476
1504,12/17/2019,34.17142336
1505,9/8/2018,34.13876786
1506,1/13/2013,34.13338095
1507,11/26/2015,34.4710119
1508,6/25/2017,34.04077083
1509,10/11/2020,34.17853051
1510,1/29/2016,34.6362381
1511,10/7/2016,34.4283869
1512,8/16/2017,34.1206
1513,12/29/2015,34.67919048
1514,5/16/2017,34.24267535
1515,7/28/2020,34.20801339
1516,5/25/2014,34.46772024
1517,6/18/2020,34.25724777
1518,5/16/2016,34.78830357
1519,3/30/2015,34.59174306
1520,1/1/2019,34.10259077
1521,6/30/2019,34.24666515
1522,8/9/2016,34.35244643
1523,8/20/2014,34.47184524
1524,10/17/2018,34.13968899
1525,4/20/2014,34.44722917
1526,1/4/2019,34.10113914
1527,8/20/2014,34.47184524
1528,2/21/2019,34.36277232
1529,7/3/2012,34.35121429
1530,5/13/2020,34.2483244
1531,4/23/2021,34.21291146
1532,7/15/2016,34.41276786
1533,3/15/2013,34.40432738
1534,9/8/2016,34.56633333
1535,3/12/2019,34.35634896
1536,5/31/2020,34.2769375
1537,1/28/2017,34.38239583
1538,12/31/2016,34.52855952
1539,8/9/2017,34.176675
1540,8/11/2021,34.21589137
1541,12/11/2013,34.25492857
1542,3/31/2019,34.33320313
1543,4/5/2017,34.29263393
1544,1/19/2021,34.16793973
1545,3/3/2012,34.09897024
1546,5/10/2016,34.75167262
1547,7/17/2017,34.17080952
1548,6/30/2014,34.43447024
1549,5/27/2019,34.31678125
1550,10/5/2015,34.19882143
1551,9/7/2017,34.08491071
1552,4/4/2019,34.30943899
1553,3/27/2019,34.33013318
1554,9/9/2019,34.17509449
1555,1/17/2020,34.2641183
1556,11/25/2013,34.14230952
1557,5/10/2017,34.25641667
1558,1/26/2016,34.6267619
1559,12/16/2018,34.18673289
1560,10/26/2018,34.12083482
1561,10/23/2014,34.12170238
1562,8/9/2020,34.23826935
1563,11/16/2013,34.10767361
1564,4/1/2014,34.41967262
1565,10/18/2021,34.19365551
1566,11/25/2017,33.91352976
1567,7/26/2017,34.13933036
1568,1/31/2017,34.37674306
1569,2/23/2021,34.16014881
1570,11/27/2019,34.18346205
1571,9/10/2021,34.19475149
1572,12/9/2013,34.219625
1573,3/4/2021,34.18827455
1574,2/17/2019,34.34931548
1575,8/6/2012,34.25033333
1576,8/20/2012,34.31878571
1577,8/11/2013,34.17554762
1578,5/1/2018,34.31210119
1579,12/5/2014,34.29730357
1580,11/18/2016,34.26910714
1581,6/26/2017,34.04524107
1582,8/13/2019,34.20832813
1583,11/3/2016,34.44159524
1584,9/1/2020,34.22510565
1585,4/12/2017,34.2065744
1586,9/8/2019,34.17930804
1587,7/24/2019,34.19801339
1588,9/30/2019,34.26594717
1589,7/30/2017,34.11488889
1590,12/31/2012,34.41481548
1591,4/19/2016,34.55072024
1592,9/16/2016,34.58836806
1593,2/5/2015,34.03648214
1594,5/7/2018,34.26034028
1595,3/21/2012,34.12561905
1596,1/27/2018,34.20726786
1597,1/5/2017,34.51454167
1598,11/3/2019,34.15854464
1599,4/9/2014,34.37392262
1600,1/21/2019,34.24958939
1601,10/18/2016,34.32445
1602,3/25/2016,34.56193452
1603,8/31/2017,34.06152976
1604,10/2/2014,34.35325595
1605,2/18/2020,34.29134896
1606,3/13/2019,34.3567686
1607,9/27/2013,34.31804167
1608,6/24/2014,34.45516667
1609,11/28/2013,34.15778571
1610,3/18/2015,34.45534722
1611,9/12/2020,34.18783929
1612,5/2/2014,34.42914286
1613,11/16/2020,34.11508854
1614,3/20/2015,34.47427778
1615,3/8/2019,34.36199107
1616,7/25/2012,34.2594881
1617,1/3/2013,34.33594048
1618,5/11/2018,34.26478571
1619,11/9/2016,34.36675
1620,7/21/2015,34.36420238
1621,2/11/2018,34.17588095
1622,5/30/2012,34.29016071
1623,9/26/2013,34.3194881
1624,1/11/2016,34.45497024
1625,2/2/2014,34.5219881
1626,2/13/2020,34.26975149
1627,12/19/2015,34.46005357
1628,6/24/2014,34.45516667
1629,3/25/2019,34.33112798
1630,11/7/2019,34.13069643
1631,10/6/2014,34.33445833
1632,12/9/2017,34.2674881
1633,5/28/2020,34.2710997
1634,4/28/2020,34.27295685
1635,9/19/2012,34.04071429
1636,10/28/2017,34.0778287
1637,9/20/2019,34.24460789
1638,2/10/2020,34.25772619
1639,10/21/2012,34.15556548
1640,11/10/2019,34.10269048
1641,12/23/2017,34.17320833
1642,12/21/2019,34.1705744
1643,1/11/2013,34.14608929
1644,4/30/2014,34.4329881
1645,10/22/2013,34.36553571
1646,2/26/2020,34.26914955
1647,4/8/2018,34.32402976
1648,7/15/2020,34.22904539
1649,10/22/2015,34.52459524
1650,7/13/2021,34.2554308
1651,4/4/2012,34.19052381
1652,10/18/2016,34.32445
1653,6/1/2018,34.38028571
1654,10/17/2012,34.15458333
1655,12/31/2014,34.29604167
1656,3/11/2016,34.6473631
1657,1/26/2021,34.1385372
1658,3/3/2014,34.33395238
1659,5/5/2017,34.19661364
1660,5/24/2016,34.68376786
1661,7/22/2019,34.20417411
1662,7/20/2015,34.35495238
1663,6/11/2016,34.62807738
1664,8/15/2019,34.2119747
1665,7/14/2016,34.42513095
1666,5/31/2017,34.08989583
1667,6/28/2018,34.20703571
1668,2/5/2017,34.26820833
1669,7/26/2014,34.39635119
1670,8/24/2021,34.24764063
1671,7/19/2012,34.20444048
1672,7/14/2016,34.42513095
1673,2/27/2018,34.20841071
1674,2/2/2013,34.16080357
1675,10/18/2012,34.14967857
1676,9/17/2017,34.11939583
1677,1/31/2021,34.18869048
1678,12/28/2014,34.364875
1679,4/15/2021,34.22066518
1680,1/16/2021,34.17577753
1681,4/15/2021,34.22066518
1682,7/9/2019,34.17491592
1683,5/15/2017,34.25464236
1684,4/28/2013,34.38327976
1685,6/11/2015,34.47005952
1686,1/13/2012,34.00777976
1687,3/2/2018,32.17810714
1688,10/30/2018,34.16283494
1689,4/24/2015,34.47729167
1690,6/16/2012,34.31727381
1691,11/25/2017,33.91352976
1692,12/19/2017,34.2485
1693,12/18/2012,34.396875
1694,1/25/2012,34.07733333
1695,8/30/2018,34.24408333
1696,5/22/2012,34.26619643
1697,6/15/2016,34.6093631
1698,7/27/2016,34.50904167
1699,4/21/2016,34.57632143
1700,6/22/2014,34.45819048
1701,6/6/2018,34.27844643
1702,6/30/2019,34.24666515
1703,9/7/2014,34.438
1704,11/18/2017,33.9338869
1705,9/29/2017,34.05295
1706,4/25/2018,34.29127976
1707,11/1/2017,34.04722685
1708,12/9/2013,34.219625
1709,4/11/2013,34.39729762
1710,8/7/2017,34.1681875
1711,10/11/2017,34.00133333
1712,4/7/2014,34.36899405
1713,6/11/2020,34.28522917
1714,7/2/2012,34.36185119
1715,1/15/2019,34.22514732
1716,1/20/2020,34.25031845
1717,10/19/2019,34.17809077
1718,6/21/2016,34.63836905
1719,8/30/2015,34.43194643
1720,10/5/2021,34.21290179
1721,6/30/2016,34.43218452
1722,12/21/2014,34.29482738
1723,12/28/2016,34.57799405
1724,3/19/2015,34.46429861
1725,1/17/2019,34.22966295
1726,9/6/2018,34.13420238
1727,8/30/2013,34.284875
1728,7/22/2017,34.15078869
1729,3/27/2018,34.26542262
1730,8/17/2017,34.10171296
1731,7/15/2021,34.24610565
1732,2/28/2017,34.36938095
1733,10/10/2019,34.1859494
1734,9/15/2013,34.24429762
1735,8/26/2014,34.42698214
1736,5/4/2020,34.25912723
1737,6/23/2017,34.03996726
1738,5/6/2016,34.70376786
1739,12/27/2018,34.14023512
1740,4/10/2016,34.53170833
1741,4/15/2016,34.5446131
1742,1/17/2019,34.22966295
1743,1/16/2018,34.00908333
1744,12/22/2012,34.33690476
1745,9/25/2012,34.11052381
1746,5/28/2017,34.16981863
1747,3/11/2014,34.39860119
1748,5/31/2018,34.38776786
1749,7/14/2021,34.25286384
1750,4/13/2018,34.27250694
1751,7/11/2020,34.23737054
1752,1/10/2016,34.47477976
1753,5/25/2017,34.2038591
1754,8/7/2016,34.38023214
1755,3/24/2020,34.36416443
1756,6/20/2016,34.64025595
1757,11/4/2020,34.07385938
1758,12/24/2015,34.52740476
1759,7/16/2017,34.17797619
1760,5/19/2015,34.62195238
1761,10/28/2015,34.60824405
1762,10/16/2017,33.99947569
1763,3/10/2012,34.17792262
1764,10/4/2020,34.17330729
1765,6/14/2015,34.45755357
1766,7/11/2021,34.25468899
1767,9/15/2018,34.14216667
1768,7/9/2018,34.21924405
1769,11/8/2020,34.11208036
1770,10/25/2015,34.58502381
1771,9/12/2018,34.13080952
1772,8/20/2018,34.27523214
1773,3/18/2014,34.37779762
1774,8/5/2016,34.42684524
1775,6/20/2016,34.64025595
1776,8/10/2016,34.34433929
1777,11/21/2018,34.16332469
1778,8/20/2014,34.47184524
1779,9/1/2017,34.06740179
1780,9/3/2019,34.2131808
1781,4/17/2018,34.26431548
1782,12/21/2018,34.18257664
1783,11/4/2017,33.99305357
1784,1/18/2016,34.51226786
1785,5/8/2020,34.24221577
1786,7/18/2021,34.2268869
1787,10/15/2014,34.20397024
1788,11/3/2012,34.10975595
1789,9/25/2012,34.11052381
1790,6/24/2019,34.25222024
1791,10/3/2015,34.23676786
1792,8/23/2018,34.26082143
1793,8/15/2018,34.393875
1794,12/19/2013,34.14267857
1795,4/25/2021,34.21407143
1796,4/15/2012,34.2009881
1797,11/21/2012,34.1017381
1798,7/25/2014,34.389
1799,3/27/2013,34.20429167
1800,10/11/2016,34.38484524
1801,6/20/2013,34.38048214
1802,11/16/2012,34.07985714
1803,11/24/2015,34.5489881
1804,9/22/2012,34.07048214
1805,10/16/2017,33.99947569
1806,5/28/2016,34.62904762
1807,4/22/2018,34.2722619
1808,2/4/2014,34.45655952
1809,7/15/2017,34.18504762
1810,4/28/2013,34.38327976
1811,6/14/2020,34.2695692
1812,7/13/2017,34.18872321
1813,6/28/2018,34.20703571
1814,6/22/2019,34.2541756
1815,3/22/2013,34.18355833
1816,8/17/2016,34.3580119
1817,7/18/2013,34.26695238
1818,3/29/2014,34.41045238
1819,6/18/2015,34.50491667
1820,9/3/2017,34.0679256
1821,7/1/2015,34.41899405
1822,6/30/2015,34.44165476
1823,9/3/2017,34.0679256
1824,6/29/2020,34.24533631
1825,2/7/2013,34.21714286
1826,12/29/2020,34.16651042
1827,8/19/2017,34.11835833
1828,12/4/2013,34.17679762
1829,3/10/2017,34.37404167
1830,3/14/2015,34.43908929
1831,5/6/2016,34.70376786
1832,5/31/2017,34.08989583
1833,9/30/2013,34.32995238
1834,1/21/2020,34.24911235
1835,6/1/2019,34.34300149
1836,6/9/2015,34.50558929
1837,9/19/2014,34.31617857
1838,8/2/2021,34.23253423
1839,4/5/2021,34.25125372
1840,2/21/2013,34.11929167
1841,7/9/2013,34.38223214
1842,3/4/2021,34.18827455
1843,2/4/2014,34.45655952
1844,7/25/2013,34.17474405
1845,1/21/2017,34.46044643
1846,9/15/2016,34.60020139
1847,3/25/2020,34.35609524
1848,8/31/2015,34.42541667
1849,10/22/2020,34.13033854
1850,5/7/2015,34.56725595
1851,10/1/2013,34.33509524
1852,4/4/2016,34.54879167
1853,8/13/2012,34.28034524
1854,5/6/2018,34.269625
1855,7/16/2015,34.345
1856,11/13/2015,34.55078571
1857,10/18/2020,34.14481101
1858,10/20/2019,34.17719345
1859,8/2/2015,34.34869048
1860,6/20/2018,34.19383333
1861,7/13/2015,34.36444048
1862,6/20/2013,34.38048214
1863,9/26/2016,34.54372222
1864,12/24/2015,34.52740476
1865,8/7/2013,34.14235417
1866,9/8/2014,34.42964286
1867,10/7/2017,34.04195833
1868,2/11/2016,34.57884524
1869,9/16/2013,34.23144643
1870,3/8/2019,34.36199107
1871,5/31/2016,34.61429762
1872,7/14/2017,34.19128571
1873,2/24/2017,34.38243452
1874,10/29/2014,34.14770238
1875,3/10/2019,34.35595387
1876,6/3/2012,34.31869048
1877,7/17/2020,34.23476935
1878,12/28/2014,34.364875
1879,11/16/2015,34.48479167
1880,4/6/2020,34.36448586
1881,4/24/2017,34.08310417
1882,12/5/2012,34.2407381
1883,11/7/2020,34.10668006
1884,7/30/2016,34.4917381
1885,9/17/2018,34.16451786
1886,6/3/2020,34.27681771
1887,7/11/2014,34.28177976
1888,6/23/2012,34.28265476
1889,11/10/2018,34.12235969
1890,8/12/2013,34.19164881
1891,12/4/2015,34.36593452
1892,9/27/2013,34.31804167
1893,7/30/2017,34.11488889
1894,4/22/2017,34.08616071
1895,12/9/2017,34.2674881
1896,4/17/2019,34.3078631
1897,2/11/2018,34.17588095
1898,4/24/2021,34.21423586
1899,7/25/2013,34.17474405
1900,6/22/2016,34.61760714
1901,7/9/2018,34.21924405
1902,3/30/2012,34.146375
1903,11/30/2020,34.13951488
1904,5/26/2021,34.27290476
1905,4/20/2020,34.32603571
1906,7/7/2019,34.18636086
1907,6/23/2016,34.58689881
1908,12/29/2019,34.18159747
1909,2/12/2020,34.26247545
1910,8/8/2014,34.33552976
1911,11/12/2020,34.1105692
1912,7/8/2013,34.363125
1913,9/23/2021,34.19796057
1914,2/2/2020,34.25298884
1915,8/19/2012,34.32371429
1916,7/14/2018,34.166125
1917,3/19/2014,34.35430357
1918,11/2/2013,34.26788095
1919,7/8/2017,34.14815774
1920,6/22/2014,34.45819048
1921,12/28/2013,34.51142262
1922,3/26/2019,34.32938393
1923,11/19/2019,34.09273661
1924,6/8/2015,34.52546429
1925,5/1/2017,34.05844444
1926,7/5/2016,34.50480952
1927,7/8/2017,34.14815774
1928,2/18/2018,34.22332143
1929,5/4/2021,34.16006473
1930,1/28/2020,34.26846577
1931,3/28/2018,34.28526786
1932,11/5/2020,34.08467932
1933,12/2/2012,34.184375
1934,11/12/2020,34.1105692
1935,7/3/2014,34.4092381
1936,3/25/2019,34.33112798
1937,11/20/2016,34.26635119
1938,8/20/2017,34.11324167
1939,1/17/2020,34.2641183
1940,3/16/2018,34.053825
1941,1/30/2015,34.06829167
1942,5/18/2020,34.24514807
1943,4/12/2018,34.28136111
1944,8/7/2016,34.38023214
1945,11/30/2015,34.32241071
1946,10/6/2013,34.32016071
1947,1/2/2013,34.37820238
1948,7/20/2012,34.21323214
1949,4/16/2018,34.26911905
1950,6/14/2013,34.33883333
1951,2/25/2020,34.27415551
1952,3/12/2014,34.40683333
1953,11/9/2014,33.9920119
1954,4/5/2014,34.37585714
1955,4/2/2012,34.18140476
1956,2/6/2015,34.05655952
1957,8/12/2012,34.26975595
1958,12/10/2017,34.27694643
1959,2/25/2018,34.20171429
1960,3/4/2020,34.25222917
1961,6/17/2014,34.45340476
1962,10/3/2020,34.17739955
1963,3/27/2017,34.29966667
1964,8/4/2016,34.44325
1965,6/1/2020,34.27826786
1966,10/7/2019,34.20409598
1967,1/24/2014,34.50101786
1968,10/10/2021,34.20596949
1969,8/8/2018,34.44051786
1970,6/23/2014,34.45739286
1971,8/21/2014,34.47691071
1972,6/26/2016,34.47282143
1973,11/19/2015,34.4787381
1974,3/20/2014,34.32368452
1975,5/3/2019,34.32377273
1976,11/22/2014,34.10471429
1977,9/19/2012,34.04071429
1978,12/31/2015,34.71
1979,7/6/2018,34.21304167
1980,4/4/2015,34.54199405
1981,7/21/2016,34.50239583
1982,7/17/2015,34.34781548
1983,6/2/2017,34.0714881
1984,6/30/2013,34.43823611
1985,11/17/2017,33.93083929
1986,3/2/2016,34.58963095
1987,12/19/2012,34.39314286
1988,1/2/2016,34.72091071
1989,6/1/2015,34.60335714
1990,5/12/2016,34.77445833
1991,11/9/2017,34.02489286
1992,3/22/2018,34.16743452
1993,9/6/2016,34.53296429
1994,5/25/2013,34.37611905
1995,1/11/2016,34.45497024
1996,8/10/2016,34.34433929
1997,9/3/2014,34.4051131
1998,1/1/2015,34.27603571
1999,9/25/2019,34.26671354
2000,6/22/2018,34.20882738
2001,4/3/2016,34.55054167
2002,1/8/2019,34.15018899
2003,3/3/2015,34.44815476
2004,12/30/2014,34.31764881
2005,7/18/2017,34.16657738
2006,12/15/2017,34.2802619
2007,9/21/2020,34.15085938
2008,5/7/2019,34.30315985
2009,5/28/2016,34.62904762
2010,3/10/2014,34.39343452
2011,5/27/2015,34.63227381
2012,5/1/2015,34.56971429
2013,3/5/2017,34.35270536
2014,2/8/2012,33.97329762
2015,12/26/2015,34.596
2016,5/13/2020,34.2483244
2017,10/15/2015,34.29943452
2018,6/6/2018,34.27844643
2019,2/16/2017,34.39274679
2020,3/10/2014,34.39343452
2021,1/9/2017,34.59955952
2022,12/6/2015,34.34655357
2023,2/2/2021,34.20916667
2024,8/12/2017,34.15720076
2025,6/26/2014,34.45477381
2026,10/13/2017,34.0048141
2027,7/7/2021,34.24312798
2028,3/19/2020,34.40146429
2029,5/13/2015,34.56625595
2030,2/12/2018,34.18845238
2031,5/18/2016,34.77158929
2032,11/18/2014,34.0329881
2033,12/31/2018,34.11303646
2034,4/2/2020,34.35411682
2035,1/31/2013,34.15403571
2036,3/14/2013,34.45192262
2037,1/10/2021,34.18203943
2038,4/20/2020,34.32603571
2039,10/2/2017,34.01658333
2040,2/26/2017,34.36840476
2041,11/21/2012,34.1017381
2042,4/21/2012,34.25444643
2043,7/30/2018,34.24955952
2044,8/16/2016,34.35885714
2045,12/8/2013,34.19156548
2046,3/10/2019,34.35595387
2047,9/9/2013,34.31583929
2048,5/17/2019,34.32333929
2049,3/7/2019,34.36521652
2050,3/12/2014,34.40683333
2051,8/4/2017,34.15462179
2052,11/4/2015,34.70247024
2053,5/17/2020,34.24724405
2054,10/1/2014,34.35130357
2055,12/10/2013,34.24293452
2056,12/11/2012,34.30045833
2057,1/5/2014,34.45885119
2058,11/18/2020,34.12752679
2059,6/5/2017,34.03994643
2060,9/22/2021,34.2029375
2061,5/14/2012,34.33793452
2062,3/9/2018,34.18569444
2063,6/4/2017,34.0557381
2064,10/11/2021,34.20560268
2065,1/19/2019,34.23678864
2066,12/30/2018,34.12153795
2067,8/19/2021,34.25643229
2068,3/29/2019,34.33437946
2069,3/1/2017,34.36952083
2070,2/5/2021,34.2027872
2071,1/18/2018,34.05730952
2072,4/20/2020,34.32603571
2073,4/5/2019,34.308
2074,3/12/2013,34.4772619
2075,2/16/2017,34.39274679
2076,8/6/2021,34.2139881
2077,4/13/2017,34.18920833
2078,1/6/2021,34.14596577
2079,12/26/2014,34.39275595
2080,6/3/2012,34.31869048
2081,12/21/2018,34.18257664
2082,3/5/2012,34.12108929
2083,9/25/2020,33.92444494
2084,7/13/2016,34.4377619
2085,10/11/2017,34.00133333
2086,4/12/2015,34.40829762
2087,11/27/2017,33.94525
2088,8/30/2016,34.52192857
2089,5/20/2021,34.26077232
2090,2/24/2012,33.95861905
2091,5/2/2012,34.30277976
2092,6/18/2014,34.4517619
2093,7/10/2015,34.38272619
2094,9/17/2019,34.23048586
2095,7/26/2017,34.13933036
2096,7/13/2020,34.23592113
2097,4/4/2014,34.38967857
2098,1/22/2017,34.46022619
2099,8/12/2014,34.36761905
2100,7/6/2013,34.36816667
2101,10/6/2016,34.43379167
2102,5/15/2016,34.78895833
2103,11/18/2019,34.0809628
2104,2/3/2019,34.28181845
2105,2/20/2020,34.28823363
2106,2/15/2015,34.31497024
2107,7/7/2014,34.34741667
2108,2/6/2014,34.3927381
2109,6/14/2012,34.29949405
2110,9/21/2015,34.33176389
2111,8/2/2015,34.34869048
2112,9/30/2015,34.29993452
2113,12/21/2019,34.1705744
2114,3/11/2019,34.35595313
2115,1/12/2018,33.98128571
2116,5/17/2020,34.24724405
2117,4/21/2012,34.25444643
2118,8/20/2020,34.20057143
2119,1/10/2017,34.6090119
2120,3/24/2015,34.52845833
2121,12/18/2019,34.17057887
2122,8/23/2016,34.37264286
2123,4/17/2012,34.20461905
2124,9/13/2021,34.22033185
2125,12/13/2013,34.25357143
2126,2/24/2021,34.15920461
2127,3/19/2021,34.24407292
2128,8/18/2019,34.20648958
2129,9/20/2013,34.28295833
2130,3/15/2013,34.40432738
2131,12/17/2018,34.19023289
2132,5/15/2021,34.26878795
2133,4/18/2013,34.46552778
2134,9/12/2016,34.6223631
2135,5/30/2018,34.39385714
2136,3/2/2015,34.49299405
2137,3/13/2017,34.39148512
2138,5/15/2014,34.50657738
2139,8/3/2021,34.23190923
2140,2/27/2019,34.38296949
2141,1/13/2017,34.58536905
2142,7/26/2020,34.21956176
2143,1/22/2016,34.59505357
2144,7/27/2019,34.1850625
2145,8/4/2012,34.27177976
2146,3/27/2015,34.55486806
2147,5/5/2019,34.30695758
2148,6/12/2016,34.61844048
2149,2/4/2020,34.25353274
2150,2/2/2015,34.02269643
2151,1/11/2015,34.27779762
2152,12/22/2012,34.33690476
2153,2/24/2013,34.15280357
2154,9/17/2013,34.23535714
2155,10/27/2014,34.14608333
2156,2/12/2014,34.28989286
2157,1/9/2019,34.16929762
2158,6/9/2021,34.2442314
2159,12/17/2016,34.17650595
2160,11/7/2018,34.12197554
2161,7/3/2021,34.24846726
2162,3/25/2019,34.33112798
2163,8/30/2012,34.19744643
2164,9/14/2014,34.39510119
2165,8/30/2020,34.23012946
2166,4/10/2014,34.36495833
2167,7/1/2019,34.2379803
2168,9/12/2018,34.13080952
2169,9/14/2019,34.20694643
2170,1/5/2014,34.45885119
2171,5/29/2017,34.13363492
2172,12/3/2013,34.17810119
2173,5/13/2018,34.29074405
2174,12/28/2012,34.36470238
2175,5/4/2012,34.32210714
2176,6/3/2017,34.06384524
2177,9/30/2013,34.32995238
2178,1/9/2020,34.27454688
2179,10/2/2020,34.1824747
2180,4/21/2021,34.20026786
2181,8/10/2020,34.23872396
2182,7/12/2014,34.28345833
2183,2/27/2014,34.31049405
2184,10/27/2016,34.30772619
2185,6/20/2013,34.38048214
2186,10/17/2013,34.37713095
2187,6/6/2014,34.54638095
2188,1/14/2016,34.43317262
2189,7/29/2021,34.22748214
2190,12/22/2015,34.48720833
2191,2/24/2020,34.27792411
2192,11/26/2015,34.4710119
2193,1/28/2017,34.38239583
2194,3/19/2015,34.46429861
2195,11/14/2012,34.08797619
2196,4/29/2016,34.62846429
2197,9/27/2021,34.18854985
2198,8/31/2014,34.40228571
2199,2/19/2021,34.10980134
2200,12/28/2020,34.16649702
2201,12/19/2020,34.10232589
2202,5/13/2020,34.2483244
2203,2/25/2013,34.15673214
2204,2/3/2019,34.28181845
2205,5/25/2018,34.40772024
2206,4/27/2013,34.38833333
2207,6/27/2012,34.32433929
2208,3/8/2018,34.18748611
2209,8/22/2020,34.1812686
2210,2/2/2017,34.31026852
2211,11/22/2017,33.9151131
2212,12/22/2020,34.15202604
2213,6/4/2017,34.0557381
2214,5/3/2016,34.65939286
2215,3/26/2019,34.32938393
2216,8/6/2020,34.21447842
2217,5/21/2012,34.25924405
2218,4/6/2020,34.36448586
2219,6/29/2019,34.25355909
2220,5/12/2014,34.50672619
2221,5/16/2016,34.78830357
2222,4/8/2015,34.42434524
2223,6/12/2017,34.01977679
2224,4/1/2014,34.41967262
2225,1/31/2018,34.14922619
2226,9/17/2020,34.17480804
2227,11/1/2014,34.04727381
2228,12/4/2019,34.21948438
2229,4/20/2014,34.44722917
2230,8/23/2019,34.20118527
2231,9/16/2021,34.25207887
2232,9/15/2014,34.39884524
2233,7/16/2018,34.15070833
2234,4/11/2017,34.21724405
2235,11/17/2017,33.93083929
2236,8/12/2014,34.36761905
2237,11/18/2013,34.11181944
2238,1/26/2021,34.1385372
2239,9/9/2018,34.14035714
2240,2/25/2015,34.6050119
